﻿{
"teams":[
{"tid":0,"cid":0,"did":2,
"region":"Atlanta","name":"Hawks","abbrev":"ATL","pop":5.4,"strategy":"rebuilding",
"imgURL":"http://content.sportslogos.net/logos/6/220/full/9168_atlanta_hawks-primary-2016.png"},
{"tid":1,"cid":0,"did":0,
"region":"Boston","name":"Celtics","abbrev":"BOS","pop":5,"strategy":"contending",
"imgURL":"http://i.cdn.turner.com/nba/nba/media/celtics_logo.gif"},
{"tid":2,"cid":0,"did":0,
"region":"Brooklyn","name":"Nets","abbrev":"BKN","pop":19.1,"strategy":"being mediocre",
"imgURL":"http://content.sportslogos.net/logos/6/3786/full/137_brooklyn-nets-primary-2013.png"},
{"tid":3,"cid":0,"did":2,
"region":"Charlotte","name":"Hornets","abbrev":"CHA","pop":1.8,"strategy":"contending (only in their dreams)",
"imgURL":"http://www.basketusa.com/wp-content/uploads/2014/05/charlotte-hornets-logo-11.jpg"},
{"tid":4,"cid":0,"did":1,
"region":"Chicago","name":"Bulls","abbrev":"CHI","pop":9.6,"strategy":"rebuilding",
"imgURL":"http://content.sportslogos.net/logos/6/221/full/hj3gmh82w9hffmeh3fjm5h874.png"},
{"tid":5,"cid":0,"did":1,
"region":"Cleveland","name":"Cavaliers","abbrev":"CLE","pop":2.1,"strategy":"contending",
"imgURL":"http://content.sportslogos.net/logos/6/222/full/e4701g88mmn7ehz2baynbs6e0.png"},
{"tid":6,"cid":1,"did":3,
"region":"Dallas","name":"Mavericks","abbrev":"DAL","pop":6.4,"strategy":"rebuilding",
"imgURL":"http://i.cdn.turner.com/nba/nba/media/mavericks_logo.gif"},
{"tid":7,"cid":1,"did":4,
"region":"Denver","name":"Nuggets","abbrev":"DEN","pop":2.6,"strategy":"rebuilding",
"imgURL":"http://i.cdn.turner.com/nba/nba/media/nuggets_logo.gif"},
{"tid":8,"cid":0,"did":1,
"region":"Detroit","name":"Pistons","abbrev":"DET","pop":4.4,"strategy":"still undecided",
"imgURL":"https://upload.wikimedia.org/wikipedia/en/thumb/1/1e/Detroit_Pistons_logo.svg/300px-Detroit_Pistons_logo.svg.png"},
{"tid":9,"cid":1,"did":5,
"region":"Golden State","name":"Warriors","abbrev":"GSW","pop":4.3,"strategy":"contending",
"imgURL":"https://upload.wikimedia.org/wikipedia/en/thumb/0/01/Golden_State_Warriors_logo.svg/361px-Golden_State_Warriors_logo.svg.png"},
{"tid":10,"cid":1,"did":3,
"region":"Houston","name":"Rockets","abbrev":"HOU","pop":5.9,"strategy":"contending",
"imgURL":"http://i.cdn.turner.com/nba/nba/media/rockets_logo.gif"},
{"tid":11,"cid":0,"did":1,
"region":"Indiana","name":"Pacers","abbrev":"IND","pop":1.7,"strategy":"being average",
"imgURL":"https://upload.wikimedia.org/wikipedia/en/thumb/1/1b/Indiana_Pacers.svg/512px-Indiana_Pacers.svg.png"},
{"tid":12,"cid":1,"did":5,
"region":"Los Angeles","name":"Clippers","abbrev":"LAC","pop":12.9,"strategy":"contending",
"imgURL":"https://upload.wikimedia.org/wikipedia/en/thumb/b/bb/Los_Angeles_Clippers_%282015%29.svg/300px-Los_Angeles_Clippers_%282015%29.svg.png"},
{"tid":13,"cid":1,"did":5,
"region":"Los Angeles","name":"Lakers","abbrev":"LAL","pop":12.9,"strategy":"rebuilding",
"imgURL":"http://content.sportslogos.net/logos/6/237/full/uig7aiht8jnpl1szbi57zzlsh.gif"},
{"tid":14,"cid":1,"did":3,
"region":"Memphis","name":"Grizzlies","abbrev":"MEM","pop":1.3,"strategy":"contending",
"imgURL":"http://content.sportslogos.net/logos/6/231/full/793.gif"},
{"tid":15,"cid":0,"did":2,
"region":"Miami","name":"Heat","abbrev":"MIA","pop":5.6,"strategy":"contending",
"imgURL":"http://i.cdn.turner.com/nba/nba/media/heat_logo.gif"},
{"tid":16,"cid":0,"did":1,
"region":"Milwaukee","name":"Bucks","abbrev":"MIL","pop":1.6,"strategy":"being tall",
"imgURL":"https://upload.wikimedia.org/wikipedia/en/thumb/4/4a/Milwaukee_Bucks_logo.svg/200px-Milwaukee_Bucks_logo.svg.png"},
{"tid":17,"cid":1,"did":4,
"region":"Minnesota","name":"Timberwolves","abbrev":"MIN","pop":3.3,"strategy":"rebuilding",
"imgURL":"http://content.sportslogos.net/logos/6/232/full/zq8qkfni1g087f4245egc32po.gif"},
{"tid":18,"cid":1,"did":3,
"region":"New Orleans","name":"Pelicans","abbrev":"NOP","pop":1.2,"strategy":"Anthony Davis",
"imgURL":"http://content.sportslogos.net/logos/6/4962/full/2681_new_orleans_pelicans-primary-2014.png"},
{"tid":19,"cid":0,"did":0,
"region":"New York","name":"Knicks","abbrev":"NYK","pop":19.1,"strategy":"contending",
"imgURL":"http://content.sportslogos.net/logos/6/216/full/2nn48xofg0hms8k326cqdmuis.gif"},
{"tid":20,"cid":1,"did":4,
"region":"Oklahoma City","name":"Thunder","abbrev":"OKC","pop":1.2,"strategy":"contending",
"imgURL":"http://i.cdn.turner.com/nba/nba/media/thunder_logo.gif"},
{"tid":21,"cid":0,"did":2,
"region":"Orlando","name":"Magic","abbrev":"ORL","pop":2.1,"strategy":"rebuilding",
"imgURL":"http://upload.wikimedia.org/wikipedia/fr/b/bd/Orlando_Magic_logo_2010.png"},
{"tid":22,"cid":0,"did":0,
"region":"Philadelphia","name":"76ers","abbrev":"PHI","pop":6,"strategy":"processing",
"imgURL":"http://content.sportslogos.net/logos/6/218/full/7034_philadelphia_76ers-primary-2016.png"},
{"tid":23,"cid":1,"did":5,
"region":"Phoenix","name":"Suns","abbrev":"PHX","pop":4.4,"strategy":"rebuilding",
"imgURL":"http://content.sportslogos.net/logos/6/238/full/4370_phoenix_suns-primary-2014.png"},
{"tid":24,"cid":1,"did":4,
"region":"Portland","name":"Trailblazers","abbrev":"POR","pop":2.2,"strategy":"rebuilding",
"imgURL":"http://content.sportslogos.net/logos/6/239/full/bahmh46cyy6eod2jez4g21buk.gif"},
{"tid":25,"cid":1,"did":5,
"region":"Sacramento","name":"Kings","abbrev":"SAC","pop":2.1,"strategy":"no",
"imgURL":"https://upload.wikimedia.org/wikipedia/en/thumb/c/c7/SacramentoKings.svg/350px-SacramentoKings.svg.png"},
{"tid":26,"cid":1,"did":3,
"region":"San Antonio","name":"Spurs","abbrev":"SAS","pop":2.1,"strategy":"contending",
"imgURL":"http://i.cdn.turner.com/nba/nba/media/spurs_logo.gif"},
{"tid":27,"cid":0,"did":0,
"region":"Toronto","name":"Raptors","abbrev":"TOR","pop":6,"strategy":"contending",
"imgURL":"https://upload.wikimedia.org/wikipedia/fr/8/89/Raptors2015.png"},
{"tid":28,"cid":1,"did":4,
"region":"Utah","name":"Jazz","abbrev":"UTA","pop":1,"strategy":"contending",
"imgURL":"https://upload.wikimedia.org/wikipedia/en/c/c2/Utah_Jazz_primary_logo_2016%E2%80%93present.png"},
{"tid":29,"cid":0,"did":2,
"region":"Washington","name":"Wizards","abbrev":"WAS","pop":5.7,"strategy":"contending",
"imgURL":"https://upload.wikimedia.org/wikipedia/en/thumb/0/02/Washington_Wizards_logo.svg/512px-Washington_Wizards_logo.svg.png"}]
}
